{"cameraMode":{"drawMode":0,"name":"Shaded","section":"Shading Mode"},"sceneLighting":false,"audioPlay":false,"sceneViewState":{"showFog":true,"showMaterialUpdate":false,"showSkybox":false,"showFlares":true,"showImageEffects":true,"showParticleSystems":true},"in2DMode":false,"pivot":{"x":26.59943389892578,"y":-15.785160064697266,"z":-2.6125574111938478},"rotation":{"x":-0.1523200124502182,"y":0.8308725953102112,"z":-0.45856884121894839,"w":-0.27598807215690615},"size":34.86830520629883,"orthographic":false}