{"cameraMode":{"drawMode":0,"name":"Shaded","section":"Shading Mode"},"sceneLighting":false,"audioPlay":false,"sceneViewState":{"showFog":true,"showMaterialUpdate":false,"showSkybox":false,"showFlares":true,"showImageEffects":true,"showParticleSystems":true},"in2DMode":false,"pivot":{"x":0.31349897384643557,"y":6.2775468826293949,"z":-37.019996643066409},"rotation":{"x":-0.05358855798840523,"y":0.9377936124801636,"z":-0.16804465651512147,"w":-0.2990565001964569},"size":56.750389099121097,"orthographic":false}