{"cameraMode":{"drawMode":0,"name":"Shaded","section":"Shading Mode"},"sceneLighting":false,"audioPlay":false,"sceneViewState":{"showFog":true,"showMaterialUpdate":false,"showSkybox":false,"showFlares":true,"showImageEffects":true,"showParticleSystems":true},"in2DMode":false,"pivot":{"x":20.035078048706056,"y":1.9864789247512818,"z":9.23730754852295},"rotation":{"x":0.05161044001579285,"y":-0.7597705125808716,"z":0.06076620891690254,"w":0.6452977657318115},"size":4.142880916595459,"orthographic":false}